{
    "LSD": 59.40681393941244,
    "MCD": 1176.942970496765,
    "F0_RMSE": 0.7057596304991819,
    "CrestFactor_Diff": 3.197126110394796
}