{
    "LSD": 48.6208438873291,
    "MCD": 846.4903972077597,
    "F0_RMSE": 2.7612101060121,
    "CrestFactor_Diff": 1.3160164753595989
}