{
    "LSD": 50.642812728881836,
    "MCD": 1493.5235683412332,
    "F0_RMSE": 0.9717436409352699,
    "CrestFactor_Diff": 0.9444550275802612
}