{
    "LSD": 17.23366133371989,
    "MCD": 1072.7551517494674,
    "F0_RMSE": 33.7401972627076,
    "CrestFactor_Diff": 1.6336353619893391
}