{
    "LSD": 49.74079958597819,
    "MCD": 1784.454826311914,
    "F0_RMSE": 0.06103811572387746,
    "CrestFactor_Diff": 4.575704336166382
}