{
    "LSD": 20.867469787597656,
    "MCD": 914.8191976206948,
    "F0_RMSE": 33.75160415190386,
    "CrestFactor_Diff": 0.8598715861638387
}