{
    "LSD": 29.165533701578777,
    "MCD": 1055.4362258636581,
    "F0_RMSE": 524.1737923792654,
    "CrestFactor_Diff": 1.265334963798523
}