{
    "LSD": 52.79119682312012,
    "MCD": 1018.9763395993087,
    "F0_RMSE": 1.4103976050708695,
    "CrestFactor_Diff": 2.2941295305887857
}